"Name","IconSWF","IconExportName"
"String","String","String"
1,"sc/ui.sc","badge1"
2,"sc/ui.sc","badge2"
3,"sc/ui.sc","badge3"
4,"sc/ui.sc","badge4"
5,"sc/ui.sc","badge5"
6,"sc/ui.sc","badge6"
7,"sc/ui.sc","badge7"
8,"sc/ui.sc","badge8"
9,"sc/ui.sc","badge9"
10,"sc/ui.sc","badge10"
11,"sc/ui.sc","badge11"
12,"sc/ui.sc","badge12"
13,"sc/ui.sc","badge13"
14,"sc/ui.sc","badge14"
15,"sc/ui.sc","badge15"
16,"sc/ui.sc","badge16"
17,"sc/ui.sc","badge17"
18,"sc/ui.sc","badge18"
19,"sc/ui.sc","badge19"
20,"sc/ui.sc","badge20"
21,"sc/ui.sc","badge21"
22,"sc/ui.sc","badge22"
23,"sc/ui.sc","badge23"
24,"sc/ui.sc","badge24"
25,"sc/ui.sc","badge25"
26,"sc/ui.sc","badge26"
27,"sc/ui.sc","badge27"
28,"sc/ui.sc","badge28"
29,"sc/ui.sc","badge29"
30,"sc/ui.sc","badge30"
31,"sc/ui.sc","badge31"
32,"sc/ui.sc","badge32"
33,"sc/ui.sc","badge33"
34,"sc/ui.sc","badge34"
35,"sc/ui.sc","badge35"
36,"sc/ui.sc","badge36"
37,"sc/ui.sc","badge37"
38,"sc/ui.sc","badge38"
39,"sc/ui.sc","badge39"
40,"sc/ui.sc","badge40"
41,"sc/ui.sc","badge41"
42,"sc/ui.sc","badge42"
43,"sc/ui.sc","badge43"
44,"sc/ui.sc","badge44"
45,"sc/ui.sc","badge45"
46,"sc/ui.sc","badge46"
47,"sc/ui.sc","badge47"
48,"sc/ui.sc","badge48"
49,"sc/ui.sc","badge49"
50,"sc/ui.sc","badge50"
