"Name","-"
"String","int"
"Markus Aalto",
"Cosmin Baltaretu",
"Jonas Collaros",
"Niko Derome",
"Visa Forsten",
"Jon Franzas",
"Tommi Hakala",
"Shen Jin",
"Pauli Kaila",
"Rene Kivioja",
"Rauli Laatikainen",
"Mikko Lehtonen",
"Lassi Leppinen",
"Jani Lintunen",
"Lasse Louhento",
"Arto Mikkola",
"Taneli Oksama",
"Riku Rikala",
"Martin Schj√∏ler",
"Petri Styrman",
"Ville Suur-Uski",
"Tommi Suvinen",
"Antti Takala",
"Jouni Utriainen",
"Veli Vainio",
"_",
"Gabriele Aimone",
"Marika Appel",
"Jonatas Chagas",
"Erlend Christoffersen",
"Hannu Halonen",
"Greg Harper",
"Jari Hokkanen",
"Jessica Hollmeier",
"Mikko Kodisoja",
"Miki Kuusi",
"Manuel Langegger",
"Ville Leino",
"Laura Macdonald",
"Ana Martins",
"Jumpei Oki",
"Ilkka Paananen",
"Douglas Portugal",
"Carole Riault",
"Stephen Rosenshein",
"Oscar Subirats",
"Antti Summala",
"Sami Yliharju",
"Zhao Zeng",
